cycle,ku_total,ku_active,ku_disputed,gu_total,gu_open,gu_resolved,evidence_rate,multi_evidence_rate,conflict_rate,avg_confidence,gap_resolution_rate,staleness_risk,mode,llm_calls,llm_tokens,search_calls,fetch_calls
2,31,27,4,50,29,21,1.0,0.8148148148148148,0.12903225806451613,0.8777777777777778,0.42,0,jump,4,10490,9,6
3,37,27,10,62,35,27,1.0,0.8148148148148148,0.2702702702702703,0.8777777777777778,0.43548387096774194,0,jump,7,29712,18,12
4,42,28,14,62,30,32,1.0,0.7857142857142857,0.3333333333333333,0.8642857142857142,0.5161290322580645,1,jump,6,44534,15,10
