cycle,ku_total,ku_active,ku_disputed,gu_total,gu_open,gu_resolved,evidence_rate,multi_evidence_rate,conflict_rate,avg_confidence,gap_resolution_rate,staleness_risk,mode,collect_failure_rate,llm_calls,llm_tokens,search_calls,fetch_calls
14,99,99,0,119,29,90,1.0,0.9157894736842105,0.04040404040404041,0.8017368421052632,0.9375,59,jump,0.0,37,36198,30,20
15,105,105,0,144,48,96,1.0,0.9223300970873787,0.01904761904761905,0.810378640776699,0.7741935483870968,59,jump,0.0,29,59929,18,12
16,112,112,0,154,45,109,1.0,0.9166666666666666,0.03571428571428571,0.8046574074074074,0.7569444444444444,53,jump,0.0,33,105259,42,28
17,113,113,0,165,34,131,1.0,0.9196428571428571,0.008849557522123894,0.8020089285714286,0.8451612903225807,32,jump,0.0,28,179937,69,46
18,114,114,0,166,25,141,1.0,0.9298245614035088,0.0,0.8006842105263159,0.8493975903614458,23,jump,0.0,13,213316,33,22
