cycle,ku_total,ku_active,ku_disputed,gu_total,gu_open,gu_resolved,evidence_rate,multi_evidence_rate,conflict_rate,avg_confidence,gap_resolution_rate,staleness_risk,mode,collect_failure_rate,llm_calls,llm_tokens,search_calls,fetch_calls
1,34,34,0,53,36,17,1.0,0.5714285714285714,0.17647058823529413,0.8304642857142858,0.32075471698113206,0,normal,0.0,0,0,0,0
2,52,52,0,57,22,35,1.0,0.7333333333333333,0.1346153846153846,0.8490666666666666,0.6140350877192983,0,jump,0.0,0,0,0,0
3,84,84,0,63,17,46,1.0,0.575,0.047619047619047616,0.8518874999999999,0.7301587301587301,0,jump,0.0,0,0,0,0
4,94,94,0,63,7,56,1.0,0.6222222222222222,0.0425531914893617,0.852011111111111,0.8888888888888888,0,jump,0.0,0,0,0,0
5,101,101,0,65,2,63,1.0,0.6565656565656566,0.019801980198019802,0.8596060606060606,0.9692307692307692,0,jump,0.0,0,0,0,0
