cycle,ku_total,ku_active,ku_disputed,gu_total,gu_open,gu_resolved,evidence_rate,multi_evidence_rate,conflict_rate,avg_confidence,gap_resolution_rate,staleness_risk,mode,collect_failure_rate,llm_calls,llm_tokens,search_calls,fetch_calls
1,72,72,0,39,13,26,1.0,0.32786885245901637,0.1527777777777778,0.8343770491803278,0.7428571428571429,0,normal,0.0,0,0,0,0
2,76,76,0,47,17,30,1.0,0.4533333333333333,0.013157894736842105,0.8375066666666667,0.6382978723404256,0,jump,0.0,0,0,0,0
3,81,81,0,47,12,35,1.0,0.47435897435897434,0.037037037037037035,0.8385,0.7446808510638298,0,jump,0.0,0,0,0,0
4,86,86,0,49,11,38,1.0,0.46511627906976744,0.0,0.8385581395348837,0.7755102040816326,0,jump,0.0,0,0,0,0
5,88,88,0,49,8,41,1.0,0.47126436781609193,0.011363636363636364,0.8407586206896552,0.8367346938775511,0,jump,0.0,0,0,0,0
