cycle,ku_total,ku_active,ku_disputed,gu_total,gu_open,gu_resolved,evidence_rate,multi_evidence_rate,conflict_rate,avg_confidence,gap_resolution_rate,staleness_risk,mode,collect_failure_rate,llm_calls,llm_tokens,search_calls,fetch_calls
1,24,24,0,55,44,11,1.0,0.6111111111111112,0.25,0.889888888888889,0.3142857142857143,0,normal,0.0,0,0,0,0
2,41,41,0,67,39,28,1.0,0.7878787878787878,0.1951219512195122,0.8860303030303031,0.4375,0,normal,0.0,0,0,0,0
3,53,53,0,75,34,41,1.0,0.8085106382978723,0.11320754716981132,0.8680638297872341,0.5466666666666666,0,normal,0.0,0,0,0,0
4,62,62,0,82,32,50,1.0,0.8360655737704918,0.016129032258064516,0.8678688524590163,0.6097560975609756,0,normal,0.0,0,0,0,0
5,72,72,0,86,23,63,1.0,0.8484848484848485,0.08333333333333333,0.868,0.7325581395348837,0,normal,0.0,0,0,0,0
